{"cameraMode":{"drawMode":0,"name":"Shaded","section":"Shading Mode"},"sceneLighting":true,"audioPlay":false,"sceneViewState":{"showFog":true,"showMaterialUpdate":false,"showSkybox":true,"showFlares":true,"showImageEffects":true,"showParticleSystems":true},"in2DMode":false,"pivot":{"x":0.74169921875,"y":4.403603553771973,"z":12.01171875},"rotation":{"x":0.08838147670030594,"y":-0.009865238331258297,"z":0.0008374173194169998,"w":0.9960505366325378},"size":14.997573852539063,"orthographic":true}