{"cameraMode":{"drawMode":0,"name":"Shaded","section":"Shading Mode"},"sceneLighting":true,"audioPlay":false,"sceneViewState":{"showFog":true,"showMaterialUpdate":false,"showSkybox":true,"showFlares":true,"showImageEffects":true,"showParticleSystems":true},"in2DMode":false,"pivot":{"x":3.5024197101593019,"y":-12.568497657775879,"z":-36.48091506958008},"rotation":{"x":0.007011496927589178,"y":0.9861563444137573,"z":-0.1599644273519516,"w":0.04322239011526108},"size":47.80498504638672,"orthographic":false}